INSERT INTO destination (id, name, lat, lon) VALUES 
	('1', 'London Heathrow', '51.470022', '-0.454295'),
	('2', 'London Gatwick', '51.153662', '-0.182063'),
	('3', 'Brussels Airport', '50.900999', '4.485574'),
	('4', 'Moscow Vnukovo', '55.601099', '37.266456');
	
INSERT INTO flight (id, name, date_of_departure, distance, price, seats, from_destination_id, to_destination_id) VALUES 
	('1', 'AX-207', '2016-07-16T19:20:30+01:00', '12.45607', '6200', '112', '1', '4'),
	('2', 'AX-208', '2016-07-18T19:20:30+01:00', '12.45607', '6200', '112', '1', '4'),
	('3', 'AX-209', '2016-07-20T19:20:30+01:00', '12.45607', '6200', '112', '1', '4'),
	('4', 'AX-210', '2016-07-22T19:20:30+01:00', '12.45607', '6200', '112', '1', '4'),
	('5', 'BY-954', '2016-08-12T04:13:10+01:00', '6.53435', '3000', '60', '2', '3'),
	('6', 'BY-955', '2016-09-12T04:13:10+01:00', '6.53435', '3000', '60', '2', '3'),
	('7', 'BY-956', '2016-10-12T04:13:10+01:00', '6.53435', '3000', '60', '2', '3'),
	('8', 'BY-957', '2016-11-12T04:13:10+01:00', '6.53435', '3000', '60', '2', '3'),
	('9', 'BY-958', '2016-12-12T04:13:10+01:00', '6.53435', '4000', '60', '2', '3'),
	('10', 'CW-234', '2016-08-12T04:18:50+01:00', '2.4556', '3000', '80', '1', '3'),
	('11', 'CW-235', '2016-09-12T04:18:50+01:00', '2.4556', '4000', '80', '1', '3'),
	('12', 'CW-236', '2016-10-12T04:18:50+01:00', '2.4556', '4000', '80', '1', '3'),
	('13', 'BX-097', '2016-02-12T04:09:20+01:00', '1.2235', '10000', '160', '2', '4'),
	('14', 'BX-098', '2016-04-12T04:09:20+01:00', '1.2235', '10000', '160', '2', '4'),
	('15', 'BX-099', '2016-06-12T04:09:20+01:00', '1.2235', '20000', '160', '2', '4'),
	('16', 'BX-100', '2016-08-12T04:09:20+01:00', '1.2235', '15000', '160', '2', '4');
	
INSERT INTO reservation (id, state, password, email, seats, date, flight_id) VALUES 
	('1', '2', 'pasw1', 'muj1@mail.cz','4', '2016-03-13T18:43:20+01:00', '1'),
	('2', '0', 'pasw2', 'muj2@mail.cz', '2', '2016-07-10T03:13:07+01:00', '2'),
	('3', '0', 'pasw3', 'muj3@mail.cz','6', '2016-07-10T03:13:27+01:00', '2');
